{"cameraMode":{"drawMode":0,"name":"Shaded","section":"Shading Mode"},"sceneLighting":false,"audioPlay":false,"sceneViewState":{"m_AlwaysRefresh":true,"showFog":true,"showSkybox":false,"showFlares":true,"showImageEffects":true,"showParticleSystems":true,"showVisualEffectGraphs":true,"m_FxEnabled":true},"in2DMode":false,"pivot":{"x":-0.04310697317123413,"y":0.8235049247741699,"z":0.01672583818435669},"rotation":{"x":0.14095352590084077,"y":0.8412405848503113,"z":-0.2629941999912262,"w":0.4508706331253052},"size":1.1081372499465943,"orthographic":false}