{"cameraMode":{"drawMode":0,"name":"Shaded","section":"Shading Mode"},"sceneLighting":true,"audioPlay":false,"sceneViewState":{"m_AlwaysRefresh":true,"showFog":true,"showSkybox":true,"showFlares":true,"showImageEffects":true,"showParticleSystems":true,"showVisualEffectGraphs":true,"m_FxEnabled":true},"in2DMode":false,"pivot":{"x":5.146750450134277,"y":10.622421264648438,"z":2.413846254348755},"rotation":{"x":-0.08480235934257508,"y":0.8718276619911194,"z":-0.16300854086875916,"w":-0.45391449332237246},"size":3.5364856719970705,"orthographic":false}