{"cameraMode":{"drawMode":0,"name":"Shaded","section":"Shading Mode"},"sceneLighting":true,"audioPlay":false,"sceneViewState":{"m_AlwaysRefresh":true,"showFog":true,"showSkybox":true,"showFlares":true,"showImageEffects":true,"showParticleSystems":true,"showVisualEffectGraphs":true,"m_FxEnabled":true},"in2DMode":false,"pivot":{"x":-0.46009349822998049,"y":-17.396772384643556,"z":-33.661399841308597},"rotation":{"x":-0.03095819801092148,"y":-0.962287425994873,"z":0.24008771777153016,"w":-0.1242559477686882},"size":20.33194351196289,"orthographic":false}