{"cameraMode":{"drawMode":0,"name":"Shaded","section":"Shading Mode"},"sceneLighting":true,"audioPlay":false,"sceneViewState":{"m_AlwaysRefresh":true,"showFog":true,"showSkybox":true,"showFlares":true,"showImageEffects":true,"showParticleSystems":true,"showVisualEffectGraphs":true,"m_FxEnabled":true},"in2DMode":false,"pivot":{"x":40.32188415527344,"y":-14.940069198608399,"z":22.628908157348634},"rotation":{"x":0.19165004789829255,"y":0.3986562490463257,"z":-0.08568718284368515,"w":0.8927871584892273},"size":23.202125549316408,"orthographic":false}