{"cameraMode":{"drawMode":0,"name":"Shaded","section":"Shading Mode"},"sceneLighting":true,"audioPlay":false,"sceneViewState":{"m_AlwaysRefresh":true,"showFog":true,"showSkybox":true,"showFlares":true,"showImageEffects":true,"showParticleSystems":true,"showVisualEffectGraphs":true,"m_FxEnabled":true},"in2DMode":false,"pivot":{"x":14.710119247436524,"y":5.775173187255859,"z":-2.9988670349121095},"rotation":{"x":0.06395677477121353,"y":0.9049254655838013,"z":-0.14679381251335145,"w":0.39437276124954226},"size":20.331945419311525,"orthographic":false}