{"cameraMode":{"drawMode":0,"name":"Shaded","section":"Shading Mode"},"sceneLighting":false,"audioPlay":false,"sceneViewState":{"m_AlwaysRefresh":true,"showFog":true,"showSkybox":false,"showFlares":true,"showImageEffects":true,"showParticleSystems":true,"showVisualEffectGraphs":true,"m_FxEnabled":true},"in2DMode":false,"pivot":{"x":-0.07309865951538086,"y":1.9484798908233643,"z":-0.003951430320739746},"rotation":{"x":0.1952051967382431,"y":-0.020651109516620637,"z":0.003888663835823536,"w":0.9805744290351868},"size":3.468630075454712,"orthographic":false}