{"cameraMode":{"drawMode":0,"name":"Shaded","section":"Shading Mode"},"sceneLighting":false,"audioPlay":false,"sceneViewState":{"m_AlwaysRefresh":true,"showFog":true,"showSkybox":false,"showFlares":true,"showImageEffects":true,"showParticleSystems":true,"showVisualEffectGraphs":true,"m_FxEnabled":true},"in2DMode":false,"pivot":{"x":0.004548549652099609,"y":1.6901370286941529,"z":-0.04285085201263428},"rotation":{"x":-0.009625931270420552,"y":-0.9846764206886292,"z":0.16426527500152589,"w":-0.056724101305007938},"size":3.3690192699432375,"orthographic":false}